<?xml version="1.0" encoding="UTF-8"?>
<project-private xmlns="http://www.netbeans.org/ns/project-private/1">
    <editor-bookmarks xmlns="http://www.netbeans.org/ns/editor-bookmarks/2" lastBookmarkId="0"/>
    <open-files xmlns="http://www.netbeans.org/ns/projectui-open-files/2">
        <group>
            <file>file:/C:/Users/Dener/Documents/NetBeansProjects/CadastroContas/src/modelo/Contas.java</file>
            <file>file:/C:/Users/Dener/Documents/NetBeansProjects/CadastroContas/src/gui/ContasGUI.java</file>
            <file>file:/C:/Users/Dener/Documents/NetBeansProjects/CadastroContas/src/factory/ConnectionFactory.java</file>
            <file>file:/C:/Users/Dener/Documents/NetBeansProjects/CadastroContas/src/factory/TestConnection.java</file>
            <file>file:/C:/Users/Dener/Documents/NetBeansProjects/CadastroContas/src/dao/ContasDAO.java</file>
        </group>
    </open-files>
</project-private>
